Timestamp,Event,Object,Distance,Alert_Level,Action
2025-12-07T18:51:54.998097,PEDESTRIAN_DANGER,person,2.4,CRITICAL,Emergency brake required
2025-12-07T18:51:55.122829,PEDESTRIAN_DANGER,person,2.4,CRITICAL,Emergency brake required
2025-12-07T18:51:55.250237,PEDESTRIAN_DANGER,person,2.4,CRITICAL,Emergency brake required
2025-12-07T18:51:55.350231,PEDESTRIAN_DANGER,person,2.4,CRITICAL,Emergency brake required
2025-12-07T18:51:55.449286,PEDESTRIAN_DANGER,person,2.4,CRITICAL,Emergency brake required
2025-12-07T18:51:55.585601,PEDESTRIAN_DANGER,person,2.4,CRITICAL,Emergency brake required
2025-12-07T18:51:55.727373,PEDESTRIAN_DANGER,person,2.4,CRITICAL,Emergency brake required
2025-12-07T18:51:55.848337,PEDESTRIAN_DANGER,person,2.4,CRITICAL,Emergency brake required
2025-12-07T18:51:55.989816,PEDESTRIAN_DANGER,person,2.4,CRITICAL,Emergency brake required
2025-12-07T18:51:56.119262,PEDESTRIAN_DANGER,person,2.4,CRITICAL,Emergency brake required
2025-12-07T18:51:56.250712,PEDESTRIAN_DANGER,person,2.4,CRITICAL,Emergency brake required
2025-12-07T18:51:56.392753,PEDESTRIAN_DANGER,person,2.4,CRITICAL,Emergency brake required
2025-12-07T18:51:56.515709,PEDESTRIAN_DANGER,person,2.4,CRITICAL,Emergency brake required
2025-12-07T18:51:56.656655,PEDESTRIAN_DANGER,person,2.4,CRITICAL,Emergency brake required
2025-12-07T18:51:56.747676,PEDESTRIAN_DANGER,person,2.4,CRITICAL,Emergency brake required
2025-12-07T18:51:56.847263,PEDESTRIAN_DANGER,person,2.4,CRITICAL,Emergency brake required
2025-12-07T18:51:56.950581,PEDESTRIAN_DANGER,person,2.4,CRITICAL,Emergency brake required
2025-12-07T18:51:57.051717,PEDESTRIAN_DANGER,person,2.4,CRITICAL,Emergency brake required
2025-12-07T18:51:57.149300,PEDESTRIAN_DANGER,person,2.4,CRITICAL,Emergency brake required
2025-12-07T18:51:57.249379,PEDESTRIAN_DANGER,person,2.4,CRITICAL,Emergency brake required
2025-12-07T18:51:57.350648,PEDESTRIAN_DANGER,person,2.4,CRITICAL,Emergency brake required
2025-12-07T18:51:57.450226,PEDESTRIAN_DANGER,person,2.4,CRITICAL,Emergency brake required
2025-12-07T18:51:57.548734,PEDESTRIAN_DANGER,person,2.4,CRITICAL,Emergency brake required
2025-12-07T18:51:57.689406,PEDESTRIAN_DANGER,person,2.4,CRITICAL,Emergency brake required
2025-12-07T18:51:57.817094,PEDESTRIAN_DANGER,person,2.4,CRITICAL,Emergency brake required
2025-12-07T18:51:57.949233,PEDESTRIAN_DANGER,person,2.3,CRITICAL,Emergency brake required
2025-12-07T18:51:58.050431,PEDESTRIAN_DANGER,person,2.3,CRITICAL,Emergency brake required
2025-12-07T18:51:58.148430,PEDESTRIAN_DANGER,person,2.3,CRITICAL,Emergency brake required
2025-12-07T18:51:58.251264,PEDESTRIAN_DANGER,person,2.3,CRITICAL,Emergency brake required
2025-12-07T18:51:58.347167,PEDESTRIAN_DANGER,person,2.3,CRITICAL,Emergency brake required
2025-12-07T18:51:58.451903,PEDESTRIAN_DANGER,person,2.3,CRITICAL,Emergency brake required
2025-12-07T18:51:58.552492,PEDESTRIAN_DANGER,person,2.3,CRITICAL,Emergency brake required
2025-12-07T18:51:58.647546,PEDESTRIAN_DANGER,person,2.3,CRITICAL,Emergency brake required
2025-12-07T18:51:58.750236,PEDESTRIAN_DANGER,person,2.3,CRITICAL,Emergency brake required
2025-12-07T18:51:58.850350,PEDESTRIAN_DANGER,person,2.3,CRITICAL,Emergency brake required
2025-12-07T18:51:58.950875,PEDESTRIAN_DANGER,person,2.3,CRITICAL,Emergency brake required
2025-12-07T18:51:59.082192,PEDESTRIAN_DANGER,person,2.3,CRITICAL,Emergency brake required
2025-12-07T18:51:59.219737,PEDESTRIAN_DANGER,person,2.3,CRITICAL,Emergency brake required
2025-12-07T18:51:59.221264,PEDESTRIAN_DANGER,person,3.0,CRITICAL,Emergency brake required
2025-12-07T18:51:59.349020,PEDESTRIAN_DANGER,person,3.0,CRITICAL,Emergency brake required
2025-12-07T18:51:59.350483,PEDESTRIAN_DANGER,person,3.7,CRITICAL,Emergency brake required
2025-12-07T18:51:59.485269,PEDESTRIAN_DANGER,person,3.7,CRITICAL,Emergency brake required
2025-12-07T18:51:59.486866,PEDESTRIAN_DANGER,person,4.4,CRITICAL,Emergency brake required
2025-12-07T18:51:59.616893,PEDESTRIAN_DANGER,person,3.7,CRITICAL,Emergency brake required
2025-12-07T18:51:59.618363,PEDESTRIAN_DANGER,person,4.4,CRITICAL,Emergency brake required
2025-12-07T18:51:59.753230,PEDESTRIAN_DANGER,person,3.7,CRITICAL,Emergency brake required
2025-12-07T18:51:59.754756,PEDESTRIAN_DANGER,person,4.4,CRITICAL,Emergency brake required
2025-12-07T18:51:59.882120,PEDESTRIAN_DANGER,person,3.7,CRITICAL,Emergency brake required
2025-12-07T18:51:59.983819,PEDESTRIAN_DANGER,person,3.7,CRITICAL,Emergency brake required
2025-12-07T18:52:00.082458,PEDESTRIAN_DANGER,person,3.0,CRITICAL,Emergency brake required
2025-12-07T18:52:00.182546,PEDESTRIAN_DANGER,person,3.0,CRITICAL,Emergency brake required
2025-12-07T18:52:00.281526,PEDESTRIAN_DANGER,person,2.3,CRITICAL,Emergency brake required
2025-12-07T18:52:00.282974,PEDESTRIAN_DANGER,person,2.8,CRITICAL,Emergency brake required
2025-12-07T18:52:00.381992,PEDESTRIAN_DANGER,person,2.8,CRITICAL,Emergency brake required
2025-12-07T18:52:00.481306,PEDESTRIAN_DANGER,person,2.8,CRITICAL,Emergency brake required
2025-12-07T18:52:00.623370,PEDESTRIAN_DANGER,person,2.8,CRITICAL,Emergency brake required
2025-12-07T18:52:00.751766,PEDESTRIAN_DANGER,person,2.8,CRITICAL,Emergency brake required
2025-12-07T18:52:00.846349,PEDESTRIAN_DANGER,person,2.3,CRITICAL,Emergency brake required
2025-12-07T18:52:00.946488,PEDESTRIAN_DANGER,person,2.3,CRITICAL,Emergency brake required
2025-12-07T18:52:01.048727,PEDESTRIAN_DANGER,person,2.3,CRITICAL,Emergency brake required
2025-12-07T18:52:01.149832,PEDESTRIAN_DANGER,person,2.3,CRITICAL,Emergency brake required
2025-12-07T18:52:01.246063,PEDESTRIAN_DANGER,person,2.3,CRITICAL,Emergency brake required
2025-12-07T18:52:01.350799,PEDESTRIAN_DANGER,person,2.3,CRITICAL,Emergency brake required
2025-12-07T18:52:01.481531,PEDESTRIAN_DANGER,person,2.3,CRITICAL,Emergency brake required
2025-12-07T18:52:01.618769,PEDESTRIAN_DANGER,person,2.3,CRITICAL,Emergency brake required
2025-12-07T18:52:01.749030,PEDESTRIAN_DANGER,person,2.3,CRITICAL,Emergency brake required
2025-12-07T18:52:01.885777,PEDESTRIAN_DANGER,person,2.3,CRITICAL,Emergency brake required
2025-12-07T18:52:02.019025,PEDESTRIAN_DANGER,person,2.3,CRITICAL,Emergency brake required
2025-12-07T18:52:02.148003,PEDESTRIAN_DANGER,person,2.3,CRITICAL,Emergency brake required
2025-12-07T18:52:02.285659,PEDESTRIAN_DANGER,person,2.3,CRITICAL,Emergency brake required
2025-12-07T18:52:02.415258,PEDESTRIAN_DANGER,person,2.3,CRITICAL,Emergency brake required
2025-12-07T18:52:02.548866,PEDESTRIAN_DANGER,person,2.3,CRITICAL,Emergency brake required
2025-12-07T18:52:02.683269,PEDESTRIAN_DANGER,person,2.3,CRITICAL,Emergency brake required
2025-12-07T18:52:02.813566,PEDESTRIAN_DANGER,person,2.3,CRITICAL,Emergency brake required
2025-12-07T18:52:02.948916,PEDESTRIAN_DANGER,person,2.3,CRITICAL,Emergency brake required
2025-12-07T18:52:03.091452,PEDESTRIAN_DANGER,person,2.3,CRITICAL,Emergency brake required
2025-12-07T18:52:03.132057,DROWSY_DRIVER,eyes_closed,0,CRITICAL,Wake up alert
2025-12-07T18:52:03.278309,INCIDENT_RECORDED,drowsiness,0,CRITICAL,Saved to incidents/drowsiness_20251207_185203.avi
2025-12-07T18:52:03.389646,PEDESTRIAN_DANGER,person,2.3,CRITICAL,Emergency brake required
2025-12-07T18:52:03.428078,DROWSY_DRIVER,eyes_closed,0,CRITICAL,Wake up alert
2025-12-07T18:52:03.554746,INCIDENT_RECORDED,drowsiness,0,CRITICAL,Saved to incidents/drowsiness_20251207_185203.avi
2025-12-07T18:52:03.651645,PEDESTRIAN_DANGER,person,2.3,CRITICAL,Emergency brake required
2025-12-07T18:52:03.689683,DROWSY_DRIVER,eyes_closed,0,CRITICAL,Wake up alert
2025-12-07T18:52:03.822620,INCIDENT_RECORDED,drowsiness,0,CRITICAL,Saved to incidents/drowsiness_20251207_185203.avi
2025-12-07T18:52:03.913373,PEDESTRIAN_DANGER,person,2.3,CRITICAL,Emergency brake required
2025-12-07T18:52:03.953119,DROWSY_DRIVER,eyes_closed,0,CRITICAL,Wake up alert
2025-12-07T18:52:04.084413,INCIDENT_RECORDED,drowsiness,0,CRITICAL,Saved to incidents/drowsiness_20251207_185203.avi
2025-12-07T18:52:04.184574,PEDESTRIAN_DANGER,person,2.3,CRITICAL,Emergency brake required
2025-12-07T18:52:04.223061,DROWSY_DRIVER,eyes_closed,0,CRITICAL,Wake up alert
2025-12-07T18:52:04.356857,INCIDENT_RECORDED,drowsiness,0,CRITICAL,Saved to incidents/drowsiness_20251207_185204.avi
2025-12-07T18:52:04.445506,PEDESTRIAN_DANGER,person,2.3,CRITICAL,Emergency brake required
2025-12-07T18:52:04.495215,DROWSY_DRIVER,eyes_closed,0,CRITICAL,Wake up alert
2025-12-07T18:52:04.632399,INCIDENT_RECORDED,drowsiness,0,CRITICAL,Saved to incidents/drowsiness_20251207_185204.avi
2025-12-07T18:52:04.719559,PEDESTRIAN_DANGER,person,2.2,CRITICAL,Emergency brake required
2025-12-07T18:52:04.812869,PEDESTRIAN_DANGER,person,2.2,CRITICAL,Emergency brake required
2025-12-07T18:52:04.912152,PEDESTRIAN_DANGER,person,2.2,CRITICAL,Emergency brake required
2025-12-07T18:52:04.960276,DROWSY_DRIVER,eyes_closed,0,CRITICAL,Wake up alert
2025-12-07T18:52:05.105111,INCIDENT_RECORDED,drowsiness,0,CRITICAL,Saved to incidents/drowsiness_20251207_185204.avi
2025-12-07T18:52:05.178659,PEDESTRIAN_DANGER,person,2.2,CRITICAL,Emergency brake required
2025-12-07T18:52:05.219087,DROWSY_DRIVER,eyes_closed,0,CRITICAL,Wake up alert
2025-12-07T18:52:05.370774,INCIDENT_RECORDED,drowsiness,0,CRITICAL,Saved to incidents/drowsiness_20251207_185205.avi
2025-12-07T18:52:05.445819,PEDESTRIAN_DANGER,person,2.2,CRITICAL,Emergency brake required
2025-12-07T18:52:05.494807,DROWSY_DRIVER,eyes_closed,0,CRITICAL,Wake up alert
2025-12-07T18:52:05.647646,INCIDENT_RECORDED,drowsiness,0,CRITICAL,Saved to incidents/drowsiness_20251207_185205.avi
2025-12-07T18:52:05.755042,PEDESTRIAN_DANGER,person,2.2,CRITICAL,Emergency brake required
2025-12-07T18:52:05.847323,PEDESTRIAN_DANGER,person,2.2,CRITICAL,Emergency brake required
2025-12-07T18:52:05.949252,PEDESTRIAN_DANGER,person,2.2,CRITICAL,Emergency brake required
2025-12-07T18:52:06.049489,PEDESTRIAN_DANGER,person,2.2,CRITICAL,Emergency brake required
2025-12-07T18:52:06.153703,PEDESTRIAN_DANGER,person,2.2,CRITICAL,Emergency brake required
2025-12-07T18:52:06.246997,PEDESTRIAN_DANGER,person,2.2,CRITICAL,Emergency brake required
2025-12-07T18:52:06.348972,PEDESTRIAN_DANGER,person,2.2,CRITICAL,Emergency brake required
2025-12-07T18:52:06.447797,PEDESTRIAN_DANGER,person,2.2,CRITICAL,Emergency brake required
2025-12-07T18:52:06.477062,DROWSY_DRIVER,eyes_closed,0,CRITICAL,Wake up alert
2025-12-07T18:52:06.643672,INCIDENT_RECORDED,drowsiness,0,CRITICAL,Saved to incidents/drowsiness_20251207_185206.avi
2025-12-07T18:52:06.761809,PEDESTRIAN_DANGER,person,2.2,CRITICAL,Emergency brake required
2025-12-07T18:52:06.887974,PEDESTRIAN_DANGER,person,2.2,CRITICAL,Emergency brake required
2025-12-07T18:52:06.980104,PEDESTRIAN_DANGER,person,2.2,CRITICAL,Emergency brake required
2025-12-07T18:52:07.007714,DROWSY_DRIVER,eyes_closed,0,CRITICAL,Wake up alert
2025-12-07T18:52:07.179947,INCIDENT_RECORDED,drowsiness,0,CRITICAL,Saved to incidents/drowsiness_20251207_185207.avi
2025-12-07T18:52:07.283042,PEDESTRIAN_DANGER,person,2.2,CRITICAL,Emergency brake required
2025-12-07T18:52:07.381658,PEDESTRIAN_DANGER,person,2.2,CRITICAL,Emergency brake required
2025-12-07T18:52:07.483507,PEDESTRIAN_DANGER,person,2.2,CRITICAL,Emergency brake required
2025-12-07T18:52:07.613377,PEDESTRIAN_DANGER,person,2.2,CRITICAL,Emergency brake required
2025-12-07T18:52:07.755185,PEDESTRIAN_DANGER,person,2.2,CRITICAL,Emergency brake required
2025-12-07T18:52:07.880269,PEDESTRIAN_DANGER,person,2.2,CRITICAL,Emergency brake required
2025-12-07T18:52:08.018029,PEDESTRIAN_DANGER,person,2.2,CRITICAL,Emergency brake required
2025-12-07T18:52:08.063051,DROWSY_DRIVER,eyes_closed,0,CRITICAL,Wake up alert
2025-12-07T18:52:08.243076,INCIDENT_RECORDED,drowsiness,0,CRITICAL,Saved to incidents/drowsiness_20251207_185208.avi
2025-12-07T18:52:08.356266,PEDESTRIAN_DANGER,person,2.2,CRITICAL,Emergency brake required
2025-12-07T18:52:08.397617,DROWSY_DRIVER,eyes_closed,0,CRITICAL,Wake up alert
2025-12-07T18:52:08.576927,INCIDENT_RECORDED,drowsiness,0,CRITICAL,Saved to incidents/drowsiness_20251207_185208.avi
2025-12-07T18:52:08.686667,PEDESTRIAN_DANGER,person,2.3,CRITICAL,Emergency brake required
2025-12-07T18:52:08.726728,DROWSY_DRIVER,eyes_closed,0,CRITICAL,Wake up alert
2025-12-07T18:52:08.911404,INCIDENT_RECORDED,drowsiness,0,CRITICAL,Saved to incidents/drowsiness_20251207_185208.avi
2025-12-07T18:52:09.026799,PEDESTRIAN_DANGER,person,2.3,CRITICAL,Emergency brake required
2025-12-07T18:52:09.065557,DROWSY_DRIVER,eyes_closed,0,CRITICAL,Wake up alert
2025-12-07T18:52:09.252493,INCIDENT_RECORDED,drowsiness,0,CRITICAL,Saved to incidents/drowsiness_20251207_185209.avi
2025-12-07T18:52:09.349865,PEDESTRIAN_DANGER,person,2.3,CRITICAL,Emergency brake required
2025-12-07T18:52:09.449591,PEDESTRIAN_DANGER,person,2.3,CRITICAL,Emergency brake required
2025-12-07T18:52:09.547784,PEDESTRIAN_DANGER,person,2.3,CRITICAL,Emergency brake required
2025-12-07T18:52:09.685501,PEDESTRIAN_DANGER,person,2.3,CRITICAL,Emergency brake required
2025-12-07T18:52:09.781970,PEDESTRIAN_DANGER,person,2.3,CRITICAL,Emergency brake required
2025-12-07T18:52:09.915382,PEDESTRIAN_DANGER,person,2.3,CRITICAL,Emergency brake required
2025-12-07T18:52:10.048243,PEDESTRIAN_DANGER,person,2.3,CRITICAL,Emergency brake required
2025-12-07T18:52:10.149031,PEDESTRIAN_DANGER,person,2.3,CRITICAL,Emergency brake required
2025-12-07T18:52:10.248857,PEDESTRIAN_DANGER,person,2.3,CRITICAL,Emergency brake required
2025-12-07T18:52:10.346780,PEDESTRIAN_DANGER,person,2.3,CRITICAL,Emergency brake required
2025-12-07T18:52:10.482574,PEDESTRIAN_DANGER,person,2.3,CRITICAL,Emergency brake required
2025-12-07T18:52:10.579010,PEDESTRIAN_DANGER,person,2.3,CRITICAL,Emergency brake required
2025-12-07T18:52:10.680600,PEDESTRIAN_DANGER,person,2.3,CRITICAL,Emergency brake required
2025-12-07T18:52:10.781384,PEDESTRIAN_DANGER,person,2.3,CRITICAL,Emergency brake required
2025-12-07T18:52:10.883180,PEDESTRIAN_DANGER,person,2.3,CRITICAL,Emergency brake required
2025-12-07T18:52:11.001678,PEDESTRIAN_DANGER,person,2.3,CRITICAL,Emergency brake required
2025-12-07T18:52:11.120536,PEDESTRIAN_DANGER,person,2.3,CRITICAL,Emergency brake required
2025-12-07T18:52:11.215248,PEDESTRIAN_DANGER,person,2.3,CRITICAL,Emergency brake required
2025-12-07T18:52:11.216735,PEDESTRIAN_DANGER,person,2.8,CRITICAL,Emergency brake required
2025-12-07T18:52:11.315271,PEDESTRIAN_DANGER,person,2.8,CRITICAL,Emergency brake required
2025-12-07T18:52:11.413743,PEDESTRIAN_DANGER,person,2.8,CRITICAL,Emergency brake required
2025-12-07T18:52:11.513373,PEDESTRIAN_DANGER,person,2.8,CRITICAL,Emergency brake required
2025-12-07T18:52:11.614727,PEDESTRIAN_DANGER,person,2.8,CRITICAL,Emergency brake required
2025-12-07T18:52:11.664384,DROWSY_DRIVER,eyes_closed,0,CRITICAL,Wake up alert
2025-12-07T18:52:11.887744,INCIDENT_RECORDED,drowsiness,0,CRITICAL,Saved to incidents/drowsiness_20251207_185211.avi
2025-12-07T18:52:11.981687,PEDESTRIAN_DANGER,person,2.3,CRITICAL,Emergency brake required
2025-12-07T18:52:12.081494,PEDESTRIAN_DANGER,person,2.3,CRITICAL,Emergency brake required
2025-12-07T18:52:12.182016,PEDESTRIAN_DANGER,person,2.3,CRITICAL,Emergency brake required
2025-12-07T18:52:12.280353,PEDESTRIAN_DANGER,person,2.3,CRITICAL,Emergency brake required
2025-12-07T18:52:12.382823,PEDESTRIAN_DANGER,person,2.3,CRITICAL,Emergency brake required
2025-12-07T18:52:12.482514,PEDESTRIAN_DANGER,person,2.4,CRITICAL,Emergency brake required
2025-12-07T18:52:12.583869,PEDESTRIAN_DANGER,person,2.4,CRITICAL,Emergency brake required
2025-12-07T18:52:12.690666,PEDESTRIAN_DANGER,person,2.4,CRITICAL,Emergency brake required
2025-12-07T18:52:12.816227,PEDESTRIAN_DANGER,person,2.4,CRITICAL,Emergency brake required
2025-12-07T18:52:12.915500,PEDESTRIAN_DANGER,person,2.4,CRITICAL,Emergency brake required
2025-12-07T18:52:13.016419,PEDESTRIAN_DANGER,person,2.4,CRITICAL,Emergency brake required
2025-12-07T18:52:13.113265,PEDESTRIAN_DANGER,person,2.4,CRITICAL,Emergency brake required
2025-12-07T18:52:13.217273,PEDESTRIAN_DANGER,person,2.4,CRITICAL,Emergency brake required
2025-12-07T18:52:13.315255,PEDESTRIAN_DANGER,person,2.4,CRITICAL,Emergency brake required
2025-12-07T18:52:13.418592,PEDESTRIAN_DANGER,person,2.4,CRITICAL,Emergency brake required
2025-12-07T18:52:13.515634,PEDESTRIAN_DANGER,person,2.4,CRITICAL,Emergency brake required
2025-12-07T18:52:13.615880,PEDESTRIAN_DANGER,person,2.4,CRITICAL,Emergency brake required
2025-12-07T18:52:13.639488,DISTRACTED_DRIVER,no_face,0,WARNING,Focus on road
2025-12-07T18:52:13.717601,PEDESTRIAN_DANGER,person,2.4,CRITICAL,Emergency brake required
2025-12-07T18:52:13.757188,DROWSY_DRIVER,eyes_closed,0,CRITICAL,Wake up alert
2025-12-07T18:52:14.016798,INCIDENT_RECORDED,drowsiness,0,CRITICAL,Saved to incidents/drowsiness_20251207_185213.avi
2025-12-07T18:52:14.117923,PEDESTRIAN_DANGER,person,2.4,CRITICAL,Emergency brake required
2025-12-07T18:52:14.140965,DISTRACTED_DRIVER,no_face,0,WARNING,Focus on road
2025-12-07T18:52:14.214031,PEDESTRIAN_DANGER,person,2.4,CRITICAL,Emergency brake required
2025-12-07T18:52:14.237732,DISTRACTED_DRIVER,no_face,0,WARNING,Focus on road
2025-12-07T18:52:14.317867,PEDESTRIAN_DANGER,person,2.4,CRITICAL,Emergency brake required
2025-12-07T18:52:14.359564,DROWSY_DRIVER,eyes_closed,0,CRITICAL,Wake up alert
2025-12-07T18:52:14.619673,INCIDENT_RECORDED,drowsiness,0,CRITICAL,Saved to incidents/drowsiness_20251207_185214.avi
2025-12-07T18:52:14.721537,PEDESTRIAN_DANGER,person,2.4,CRITICAL,Emergency brake required
2025-12-07T18:52:14.743086,DISTRACTED_DRIVER,no_face,0,WARNING,Focus on road
2025-12-07T18:52:14.814452,PEDESTRIAN_DANGER,person,2.4,CRITICAL,Emergency brake required
2025-12-07T18:52:14.837167,DISTRACTED_DRIVER,no_face,0,WARNING,Focus on road
2025-12-07T18:52:14.915642,PEDESTRIAN_DANGER,person,2.4,CRITICAL,Emergency brake required
2025-12-07T18:52:14.958305,DROWSY_DRIVER,eyes_closed,0,CRITICAL,Wake up alert
2025-12-07T18:52:15.228917,INCIDENT_RECORDED,drowsiness,0,CRITICAL,Saved to incidents/drowsiness_20251207_185214.avi
2025-12-07T18:52:15.314940,PEDESTRIAN_DANGER,person,2.4,CRITICAL,Emergency brake required
2025-12-07T18:52:15.353919,DROWSY_DRIVER,eyes_closed,0,CRITICAL,Wake up alert
2025-12-07T18:52:15.622346,INCIDENT_RECORDED,drowsiness,0,CRITICAL,Saved to incidents/drowsiness_20251207_185215.avi
2025-12-07T18:52:15.718773,PEDESTRIAN_DANGER,person,2.4,CRITICAL,Emergency brake required
2025-12-07T18:52:15.740105,DISTRACTED_DRIVER,no_face,0,WARNING,Focus on road
2025-12-07T18:52:15.814137,PEDESTRIAN_DANGER,person,2.4,CRITICAL,Emergency brake required
2025-12-07T18:52:15.836790,DISTRACTED_DRIVER,no_face,0,WARNING,Focus on road
2025-12-07T18:52:15.914425,PEDESTRIAN_DANGER,person,2.4,CRITICAL,Emergency brake required
2025-12-07T18:52:15.958784,DROWSY_DRIVER,eyes_closed,0,CRITICAL,Wake up alert
2025-12-07T18:52:16.232443,INCIDENT_RECORDED,drowsiness,0,CRITICAL,Saved to incidents/drowsiness_20251207_185215.avi
2025-12-07T18:52:16.318292,PEDESTRIAN_DANGER,person,2.4,CRITICAL,Emergency brake required
2025-12-07T18:52:16.339533,DISTRACTED_DRIVER,no_face,0,WARNING,Focus on road
2025-12-07T18:52:16.414632,PEDESTRIAN_DANGER,person,2.4,CRITICAL,Emergency brake required
2025-12-07T18:52:16.437540,DISTRACTED_DRIVER,no_face,0,WARNING,Focus on road
2025-12-07T18:52:16.517064,PEDESTRIAN_DANGER,person,2.4,CRITICAL,Emergency brake required
2025-12-07T18:52:16.540233,DISTRACTED_DRIVER,no_face,0,WARNING,Focus on road
2025-12-07T18:52:16.615450,PEDESTRIAN_DANGER,person,2.4,CRITICAL,Emergency brake required
2025-12-07T18:52:16.638231,DISTRACTED_DRIVER,no_face,0,WARNING,Focus on road
2025-12-07T18:52:16.719464,PEDESTRIAN_DANGER,person,2.4,CRITICAL,Emergency brake required
2025-12-07T18:52:16.742724,DISTRACTED_DRIVER,no_face,0,WARNING,Focus on road
2025-12-07T18:52:16.814606,PEDESTRIAN_DANGER,person,2.4,CRITICAL,Emergency brake required
2025-12-07T18:52:16.837717,DISTRACTED_DRIVER,no_face,0,WARNING,Focus on road
2025-12-07T18:52:16.919769,PEDESTRIAN_DANGER,person,2.4,CRITICAL,Emergency brake required
2025-12-07T18:52:16.942256,DISTRACTED_DRIVER,no_face,0,WARNING,Focus on road
2025-12-07T18:52:17.014049,PEDESTRIAN_DANGER,person,2.4,CRITICAL,Emergency brake required
2025-12-07T18:52:17.057336,DROWSY_DRIVER,eyes_closed,0,CRITICAL,Wake up alert
2025-12-07T18:52:17.327839,INCIDENT_RECORDED,drowsiness,0,CRITICAL,Saved to incidents/drowsiness_20251207_185217.avi
2025-12-07T18:52:17.414345,PEDESTRIAN_DANGER,person,2.4,CRITICAL,Emergency brake required
2025-12-07T18:52:17.436806,DISTRACTED_DRIVER,no_face,0,WARNING,Focus on road
2025-12-07T18:52:17.521418,PEDESTRIAN_DANGER,person,2.4,CRITICAL,Emergency brake required
2025-12-07T18:52:17.543493,DISTRACTED_DRIVER,no_face,0,WARNING,Focus on road
2025-12-07T18:52:17.617148,PEDESTRIAN_DANGER,person,2.4,CRITICAL,Emergency brake required
2025-12-07T18:52:17.659922,DROWSY_DRIVER,eyes_closed,0,CRITICAL,Wake up alert
2025-12-07T18:52:17.925693,INCIDENT_RECORDED,drowsiness,0,CRITICAL,Saved to incidents/drowsiness_20251207_185217.avi
2025-12-07T18:52:18.020067,PEDESTRIAN_DANGER,person,2.4,CRITICAL,Emergency brake required
2025-12-07T18:52:18.041491,DISTRACTED_DRIVER,no_face,0,WARNING,Focus on road
2025-12-07T18:52:18.116708,PEDESTRIAN_DANGER,person,2.4,CRITICAL,Emergency brake required
2025-12-07T18:52:18.139771,DISTRACTED_DRIVER,no_face,0,WARNING,Focus on road
2025-12-07T18:52:18.216595,PEDESTRIAN_DANGER,person,2.4,CRITICAL,Emergency brake required
2025-12-07T18:52:18.240164,DISTRACTED_DRIVER,no_face,0,WARNING,Focus on road
2025-12-07T18:52:18.316836,PEDESTRIAN_DANGER,person,2.4,CRITICAL,Emergency brake required
2025-12-07T18:52:18.357207,DROWSY_DRIVER,eyes_closed,0,CRITICAL,Wake up alert
2025-12-07T18:52:18.621693,INCIDENT_RECORDED,drowsiness,0,CRITICAL,Saved to incidents/drowsiness_20251207_185218.avi
2025-12-07T18:52:18.718158,PEDESTRIAN_DANGER,person,2.4,CRITICAL,Emergency brake required
2025-12-07T18:52:18.740163,DISTRACTED_DRIVER,no_face,0,WARNING,Focus on road
2025-12-07T18:52:18.816447,PEDESTRIAN_DANGER,person,2.4,CRITICAL,Emergency brake required
2025-12-07T18:52:18.839593,DISTRACTED_DRIVER,no_face,0,WARNING,Focus on road
2025-12-07T18:52:18.916010,PEDESTRIAN_DANGER,person,2.4,CRITICAL,Emergency brake required
2025-12-07T18:52:19.050658,PEDESTRIAN_DANGER,person,2.4,CRITICAL,Emergency brake required
2025-12-07T18:52:19.182866,PEDESTRIAN_DANGER,person,2.4,CRITICAL,Emergency brake required
2025-12-07T18:52:19.224412,DROWSY_DRIVER,eyes_closed,0,CRITICAL,Wake up alert
2025-12-07T18:52:19.488692,INCIDENT_RECORDED,drowsiness,0,CRITICAL,Saved to incidents/drowsiness_20251207_185219.avi
2025-12-07T18:52:19.583157,PEDESTRIAN_DANGER,person,2.4,CRITICAL,Emergency brake required
2025-12-07T18:52:19.621939,DROWSY_DRIVER,eyes_closed,0,CRITICAL,Wake up alert
2025-12-07T18:52:19.879413,INCIDENT_RECORDED,drowsiness,0,CRITICAL,Saved to incidents/drowsiness_20251207_185219.avi
2025-12-07T18:52:19.989960,PEDESTRIAN_DANGER,person,2.4,CRITICAL,Emergency brake required
2025-12-07T18:52:20.010590,DISTRACTED_DRIVER,no_face,0,WARNING,Focus on road
2025-12-07T18:52:20.080160,PEDESTRIAN_DANGER,person,2.4,CRITICAL,Emergency brake required
2025-12-07T18:52:20.103257,DISTRACTED_DRIVER,no_face,0,WARNING,Focus on road
2025-12-07T18:52:20.182020,PEDESTRIAN_DANGER,person,2.4,CRITICAL,Emergency brake required
2025-12-07T18:52:20.204884,DISTRACTED_DRIVER,no_face,0,WARNING,Focus on road
2025-12-07T18:52:20.283420,PEDESTRIAN_DANGER,person,2.4,CRITICAL,Emergency brake required
2025-12-07T18:52:20.306552,DISTRACTED_DRIVER,no_face,0,WARNING,Focus on road
2025-12-07T18:52:20.380602,PEDESTRIAN_DANGER,person,2.4,CRITICAL,Emergency brake required
2025-12-07T18:52:20.403732,DISTRACTED_DRIVER,no_face,0,WARNING,Focus on road
2025-12-07T18:52:20.483361,PEDESTRIAN_DANGER,person,2.4,CRITICAL,Emergency brake required
2025-12-07T18:52:20.506522,DISTRACTED_DRIVER,no_face,0,WARNING,Focus on road
2025-12-07T18:52:20.582836,PEDESTRIAN_DANGER,person,2.4,CRITICAL,Emergency brake required
2025-12-07T18:52:20.606051,DISTRACTED_DRIVER,no_face,0,WARNING,Focus on road
2025-12-07T18:52:20.681570,PEDESTRIAN_DANGER,person,2.4,CRITICAL,Emergency brake required
2025-12-07T18:52:20.726502,DROWSY_DRIVER,eyes_closed,0,CRITICAL,Wake up alert
2025-12-07T18:52:20.988228,INCIDENT_RECORDED,drowsiness,0,CRITICAL,Saved to incidents/drowsiness_20251207_185220.avi
2025-12-07T18:52:21.087530,PEDESTRIAN_DANGER,person,2.4,CRITICAL,Emergency brake required
2025-12-07T18:52:21.128306,DROWSY_DRIVER,eyes_closed,0,CRITICAL,Wake up alert
2025-12-07T18:52:21.388555,INCIDENT_RECORDED,drowsiness,0,CRITICAL,Saved to incidents/drowsiness_20251207_185221.avi
2025-12-07T18:52:21.486134,PEDESTRIAN_DANGER,person,2.4,CRITICAL,Emergency brake required
2025-12-07T18:52:21.521325,DROWSY_DRIVER,eyes_closed,0,CRITICAL,Wake up alert
2025-12-07T18:52:21.782248,INCIDENT_RECORDED,drowsiness,0,CRITICAL,Saved to incidents/drowsiness_20251207_185221.avi
2025-12-07T18:52:21.891103,PEDESTRIAN_DANGER,person,2.4,CRITICAL,Emergency brake required
2025-12-07T18:52:21.911876,DISTRACTED_DRIVER,no_face,0,WARNING,Focus on road
2025-12-07T18:52:21.980514,PEDESTRIAN_DANGER,person,2.4,CRITICAL,Emergency brake required
2025-12-07T18:52:22.002806,DISTRACTED_DRIVER,no_face,0,WARNING,Focus on road
2025-12-07T18:52:22.081910,PEDESTRIAN_DANGER,person,2.4,CRITICAL,Emergency brake required
2025-12-07T18:52:22.105088,DISTRACTED_DRIVER,no_face,0,WARNING,Focus on road
2025-12-07T18:52:22.181715,PEDESTRIAN_DANGER,person,2.4,CRITICAL,Emergency brake required
2025-12-07T18:52:22.204999,DISTRACTED_DRIVER,no_face,0,WARNING,Focus on road
2025-12-07T18:52:22.281863,PEDESTRIAN_DANGER,person,2.4,CRITICAL,Emergency brake required
2025-12-07T18:52:22.305527,DISTRACTED_DRIVER,no_face,0,WARNING,Focus on road
2025-12-07T18:52:22.380920,PEDESTRIAN_DANGER,person,2.4,CRITICAL,Emergency brake required
2025-12-07T18:52:22.404263,DISTRACTED_DRIVER,no_face,0,WARNING,Focus on road
2025-12-07T18:52:22.482401,PEDESTRIAN_DANGER,person,2.4,CRITICAL,Emergency brake required
2025-12-07T18:52:22.505493,DISTRACTED_DRIVER,no_face,0,WARNING,Focus on road
2025-12-07T18:52:22.581507,PEDESTRIAN_DANGER,person,2.4,CRITICAL,Emergency brake required
2025-12-07T18:52:22.605339,DISTRACTED_DRIVER,no_face,0,WARNING,Focus on road
2025-12-07T18:52:22.682479,PEDESTRIAN_DANGER,person,2.4,CRITICAL,Emergency brake required
2025-12-07T18:52:22.705988,DISTRACTED_DRIVER,no_face,0,WARNING,Focus on road
2025-12-07T18:52:22.786174,PEDESTRIAN_DANGER,person,2.4,CRITICAL,Emergency brake required
2025-12-07T18:52:22.809474,DISTRACTED_DRIVER,no_face,0,WARNING,Focus on road
2025-12-07T18:52:22.884454,PEDESTRIAN_DANGER,person,2.4,CRITICAL,Emergency brake required
2025-12-07T18:52:22.907227,DISTRACTED_DRIVER,no_face,0,WARNING,Focus on road
2025-12-07T18:52:22.985588,PEDESTRIAN_DANGER,person,2.4,CRITICAL,Emergency brake required
2025-12-07T18:52:23.008695,DISTRACTED_DRIVER,no_face,0,WARNING,Focus on road
2025-12-07T18:52:23.086707,PEDESTRIAN_DANGER,person,2.4,CRITICAL,Emergency brake required
2025-12-07T18:52:23.110815,DISTRACTED_DRIVER,no_face,0,WARNING,Focus on road
2025-12-07T18:52:23.181673,PEDESTRIAN_DANGER,person,2.4,CRITICAL,Emergency brake required
2025-12-07T18:52:23.222457,DROWSY_DRIVER,eyes_closed,0,CRITICAL,Wake up alert
2025-12-07T18:52:23.496197,INCIDENT_RECORDED,drowsiness,0,CRITICAL,Saved to incidents/drowsiness_20251207_185223.avi
2025-12-07T18:52:23.584261,PEDESTRIAN_DANGER,person,2.4,CRITICAL,Emergency brake required
2025-12-07T18:52:23.623032,DROWSY_DRIVER,eyes_closed,0,CRITICAL,Wake up alert
2025-12-07T18:52:23.889182,INCIDENT_RECORDED,drowsiness,0,CRITICAL,Saved to incidents/drowsiness_20251207_185223.avi
2025-12-07T18:52:23.983623,PEDESTRIAN_DANGER,person,2.4,CRITICAL,Emergency brake required
2025-12-07T18:52:24.021832,DROWSY_DRIVER,eyes_closed,0,CRITICAL,Wake up alert
2025-12-07T18:52:24.283927,INCIDENT_RECORDED,drowsiness,0,CRITICAL,Saved to incidents/drowsiness_20251207_185224.avi
2025-12-07T18:52:24.382749,PEDESTRIAN_DANGER,person,2.4,CRITICAL,Emergency brake required
2025-12-07T18:52:24.420042,DROWSY_DRIVER,eyes_closed,0,CRITICAL,Wake up alert
2025-12-07T18:52:24.692252,INCIDENT_RECORDED,drowsiness,0,CRITICAL,Saved to incidents/drowsiness_20251207_185224.avi
2025-12-07T18:52:24.785726,PEDESTRIAN_DANGER,person,2.4,CRITICAL,Emergency brake required
2025-12-07T18:52:24.822863,DROWSY_DRIVER,eyes_closed,0,CRITICAL,Wake up alert
2025-12-07T18:52:25.101360,INCIDENT_RECORDED,drowsiness,0,CRITICAL,Saved to incidents/drowsiness_20251207_185224.avi
2025-12-07T18:52:25.185996,PEDESTRIAN_DANGER,person,2.4,CRITICAL,Emergency brake required
2025-12-07T18:52:25.223392,DROWSY_DRIVER,eyes_closed,0,CRITICAL,Wake up alert
2025-12-07T18:52:25.493706,INCIDENT_RECORDED,drowsiness,0,CRITICAL,Saved to incidents/drowsiness_20251207_185225.avi
2025-12-07T18:52:25.586689,PEDESTRIAN_DANGER,person,2.4,CRITICAL,Emergency brake required
2025-12-07T18:52:25.623074,DROWSY_DRIVER,eyes_closed,0,CRITICAL,Wake up alert
2025-12-07T18:52:25.890475,INCIDENT_RECORDED,drowsiness,0,CRITICAL,Saved to incidents/drowsiness_20251207_185225.avi
2025-12-07T18:52:25.983159,PEDESTRIAN_DANGER,person,2.4,CRITICAL,Emergency brake required
2025-12-07T18:52:26.004871,DISTRACTED_DRIVER,no_face,0,WARNING,Focus on road
2025-12-07T18:52:26.082869,PEDESTRIAN_DANGER,person,2.4,CRITICAL,Emergency brake required
2025-12-07T18:52:26.104279,DISTRACTED_DRIVER,no_face,0,WARNING,Focus on road
2025-12-07T18:52:26.189977,PEDESTRIAN_DANGER,person,2.4,CRITICAL,Emergency brake required
2025-12-07T18:52:26.211210,DISTRACTED_DRIVER,no_face,0,WARNING,Focus on road
2025-12-07T18:52:26.281384,PEDESTRIAN_DANGER,person,2.4,CRITICAL,Emergency brake required
2025-12-07T18:52:26.303870,DISTRACTED_DRIVER,no_face,0,WARNING,Focus on road
2025-12-07T18:52:26.386631,PEDESTRIAN_DANGER,person,2.4,CRITICAL,Emergency brake required
2025-12-07T18:52:26.409306,DISTRACTED_DRIVER,no_face,0,WARNING,Focus on road
2025-12-07T18:52:26.484902,PEDESTRIAN_DANGER,person,2.4,CRITICAL,Emergency brake required
2025-12-07T18:52:26.508191,DISTRACTED_DRIVER,no_face,0,WARNING,Focus on road
2025-12-07T18:52:26.585510,PEDESTRIAN_DANGER,person,2.4,CRITICAL,Emergency brake required
2025-12-07T18:52:26.608418,DISTRACTED_DRIVER,no_face,0,WARNING,Focus on road
2025-12-07T18:52:26.688482,PEDESTRIAN_DANGER,person,2.4,CRITICAL,Emergency brake required
2025-12-07T18:52:26.711710,DISTRACTED_DRIVER,no_face,0,WARNING,Focus on road
2025-12-07T18:52:26.784281,PEDESTRIAN_DANGER,person,2.4,CRITICAL,Emergency brake required
2025-12-07T18:52:26.916770,PEDESTRIAN_DANGER,person,2.4,CRITICAL,Emergency brake required
2025-12-07T18:52:26.939702,DISTRACTED_DRIVER,no_face,0,WARNING,Focus on road
2025-12-07T18:52:27.015792,PEDESTRIAN_DANGER,person,2.4,CRITICAL,Emergency brake required
2025-12-07T18:52:27.039365,DISTRACTED_DRIVER,no_face,0,WARNING,Focus on road
2025-12-07T18:52:27.115533,PEDESTRIAN_DANGER,person,2.4,CRITICAL,Emergency brake required
2025-12-07T18:52:27.139044,DISTRACTED_DRIVER,no_face,0,WARNING,Focus on road
2025-12-07T18:52:27.216284,PEDESTRIAN_DANGER,person,2.4,CRITICAL,Emergency brake required
2025-12-07T18:52:27.257137,DROWSY_DRIVER,eyes_closed,0,CRITICAL,Wake up alert
2025-12-07T18:52:27.525941,INCIDENT_RECORDED,drowsiness,0,CRITICAL,Saved to incidents/drowsiness_20251207_185227.avi
2025-12-07T18:52:27.616361,PEDESTRIAN_DANGER,person,2.4,CRITICAL,Emergency brake required
2025-12-07T18:52:27.638589,DISTRACTED_DRIVER,no_face,0,WARNING,Focus on road
2025-12-07T18:52:27.715358,PEDESTRIAN_DANGER,person,2.4,CRITICAL,Emergency brake required
2025-12-07T18:52:27.738417,DISTRACTED_DRIVER,no_face,0,WARNING,Focus on road
2025-12-07T18:52:27.816862,PEDESTRIAN_DANGER,person,2.4,CRITICAL,Emergency brake required
2025-12-07T18:52:27.839672,DISTRACTED_DRIVER,no_face,0,WARNING,Focus on road
2025-12-07T18:52:27.915548,PEDESTRIAN_DANGER,person,2.4,CRITICAL,Emergency brake required
2025-12-07T18:52:27.917062,PEDESTRIAN_DANGER,person,2.8,CRITICAL,Emergency brake required
2025-12-07T18:52:27.939694,DISTRACTED_DRIVER,no_face,0,WARNING,Focus on road
2025-12-07T18:52:28.017710,PEDESTRIAN_DANGER,person,2.8,CRITICAL,Emergency brake required
2025-12-07T18:52:28.019253,PEDESTRIAN_DANGER,person,3.3,CRITICAL,Emergency brake required
2025-12-07T18:52:28.042006,DISTRACTED_DRIVER,no_face,0,WARNING,Focus on road
2025-12-07T18:52:28.117537,PEDESTRIAN_DANGER,person,3.3,CRITICAL,Emergency brake required
2025-12-07T18:52:28.140269,DISTRACTED_DRIVER,no_face,0,WARNING,Focus on road
2025-12-07T18:52:28.216086,PEDESTRIAN_DANGER,person,3.3,CRITICAL,Emergency brake required
2025-12-07T18:52:28.239103,DISTRACTED_DRIVER,no_face,0,WARNING,Focus on road
2025-12-07T18:52:28.320532,PEDESTRIAN_DANGER,person,2.8,CRITICAL,Emergency brake required
2025-12-07T18:52:28.343106,DISTRACTED_DRIVER,no_face,0,WARNING,Focus on road
2025-12-07T18:52:28.418112,PEDESTRIAN_DANGER,person,2.8,CRITICAL,Emergency brake required
2025-12-07T18:52:28.440625,DISTRACTED_DRIVER,no_face,0,WARNING,Focus on road
2025-12-07T18:52:28.516997,PEDESTRIAN_DANGER,person,2.4,CRITICAL,Emergency brake required
2025-12-07T18:52:28.539349,DISTRACTED_DRIVER,no_face,0,WARNING,Focus on road
2025-12-07T18:52:28.618236,PEDESTRIAN_DANGER,person,2.4,CRITICAL,Emergency brake required
2025-12-07T18:52:28.641444,DISTRACTED_DRIVER,no_face,0,WARNING,Focus on road
2025-12-07T18:52:28.719874,PEDESTRIAN_DANGER,person,2.4,CRITICAL,Emergency brake required
2025-12-07T18:52:28.742734,DISTRACTED_DRIVER,no_face,0,WARNING,Focus on road
2025-12-07T18:52:28.817547,PEDESTRIAN_DANGER,person,2.4,CRITICAL,Emergency brake required
2025-12-07T18:52:28.840722,DISTRACTED_DRIVER,no_face,0,WARNING,Focus on road
2025-12-07T18:52:28.919303,PEDESTRIAN_DANGER,person,2.4,CRITICAL,Emergency brake required
2025-12-07T18:52:28.944605,DISTRACTED_DRIVER,no_face,0,WARNING,Focus on road
2025-12-07T18:52:29.016421,PEDESTRIAN_DANGER,person,2.4,CRITICAL,Emergency brake required
2025-12-07T18:52:29.040083,DISTRACTED_DRIVER,no_face,0,WARNING,Focus on road
